hash,block,from,to,value (ETH),gas used,gas price (Gwei),tx fee (ETH),timestamp,success
0x244962fde16969e3ec5a1d4d3e31306ce8e656acef617ea7ac4714e94f06cddb,21116733,0xd3a7accc8a12af3a397d37b6e81a8b15e3cda50d,0xf60095e686e0c2ae955b017a427def4f3b4aa329,0.039,21000,9.784454655,0.000205473547755,2024-11-04 20:40:35,True
0xe56ffc0d88ecbcacc25db1fc6f3b123e6f3205d413999ebd24b715177c9973a9,21116912,0xf4d87fd6de898ad7f5ca219a9f8389ee3280395c,0xf60095e686e0c2ae955b017a427def4f3b4aa329,0.03171826059826119,21000,6.424405872,0.000134912523312,2024-11-04 21:16:23,True
0xb616fba820cca8ff83105e52c5a9fdd55dd75fda5e7b27b2203f18c4abba9cf0,21116939,0xf60095e686e0c2ae955b017a427def4f3b4aa329,0x1231deb6f5749ef6ce6943a275a1d3e7486f4eae,0.06822706773826111,183911,5.666466559,0.001042125531332249,2024-11-04 21:21:47,True
0x5329292427be051283e2d6078a3aff982388aa99fee20f1911deb130552c0d46,21123073,0x1251518f10bfa74759b1e46510e9a5fb076d0c8a,0xf60095e686e0c2ae955b017a427def4f3b4aa329,0.075,21000,15.832241979,0.000332477081559,2024-11-05 17:54:59,True
0x53550627d0eafd40725ce3dd77f6ecc9a4ca62b31bb8d47b6278988f4104e6b2,21123077,0xf60095e686e0c2ae955b017a427def4f3b4aa329,0x1231deb6f5749ef6ce6943a275a1d3e7486f4eae,0.07170319943115369,183935,11.507116676,0.00211656150580006,2024-11-05 17:55:47,True
0x7da4044a3b068e4e9d80f94b7bb029351d3c75fb786cf1175d3d6b01e0763066,21128916,0xf60095e686e0c2ae955b017a427def4f3b4aa329,0xf4d87fd6de898ad7f5ca219a9f8389ee3280395c,0.00222552829018886,21000,15.912963979,0.000334172243559,2024-11-06 13:30:23,True
0x0cbe759cb479c4260b441aaea16eedbfcb920495848ae56b0717686845d75b23,21128927,0xf4d87fd6de898ad7f5ca219a9f8389ee3280395c,0xf60095e686e0c2ae955b017a427def4f3b4aa329,0.00129851263651286,21000,15.615860169,0.000327933063549,2024-11-06 13:32:35,True
0x9eeb1c8fdd347fe0fe4ef9ae9a96e6156fd8b3247d665983c2b2187a6cd13056,21187310,0x1251518f10bfa74759b1e46510e9a5fb076d0c8a,0xf60095e686e0c2ae955b017a427def4f3b4aa329,0.06,21000,35.317326616,0.000741663858936,2024-11-14 17:05:11,True
0x799e302d13bccf466a1b1031b01a11a253fdbbe6c1406d459bbecdbfc8f4546d,21187336,0xf60095e686e0c2ae955b017a427def4f3b4aa329,0x1231deb6f5749ef6ce6943a275a1d3e7486f4eae,0.0498948923029538,183923,28.650732923,0.005269528751396929,2024-11-14 17:10:35,True
0xf6846fef43219f2e16b5285c44df357b8088135b86451cf2c5e1642f0ff023df,21189264,0x1251518f10bfa74759b1e46510e9a5fb076d0c8a,0xf60095e686e0c2ae955b017a427def4f3b4aa329,0.075,21000,31.902250865,0.000669947268165,2024-11-14 23:38:35,True
0x2179fb84c277a5bd97f856921112626072bf621e37b310ac592d0128851bccc1,21189268,0xf60095e686e0c2ae955b017a427def4f3b4aa329,0x1231deb6f5749ef6ce6943a275a1d3e7486f4eae,0.0683384864469818,237714,28.158805241,0.006693742229059074,2024-11-14 23:39:23,True
0x2069bdc0728f7c974785be7b2085e84331b3ffd6ce9da830df787b9e87993283,21221938,0xf60095e686e0c2ae955b017a427def4f3b4aa329,0x1251518f10bfa74759b1e46510e9a5fb076d0c8a,0.005017186693123406,21000,25.122003681,0.000527562077301,2024-11-19 13:00:35,True
0x568b48435ddd88aa2ed050a4a2116f620664b3d0528c9edfc200468602384516,21232318,0x1251518f10bfa74759b1e46510e9a5fb076d0c8a,0xf60095e686e0c2ae955b017a427def4f3b4aa329,0.07,21000,13.617136302,0.000285959862342,2024-11-20 23:46:23,True
0x71c0d629cfbefda1ee84f31a566011c0196aef2212c16e03bca3ffc3964fed8c,21232323,0xf60095e686e0c2ae955b017a427def4f3b4aa329,0x1231deb6f5749ef6ce6943a275a1d3e7486f4eae,0.064525566412699,183935,9.07447744,0.0016691140079264,2024-11-20 23:47:23,True
0xe730398555d5c643b3d9a17c01336abb4d189d604e19c80204c0f876d5d54296,21233866,0x1251518f10bfa74759b1e46510e9a5fb076d0c8a,0xf60095e686e0c2ae955b017a427def4f3b4aa329,0.01,21000,17.737107478,0.000372479257038,2024-11-21 04:57:23,True
0x5f77da01fe6b45690ba66114cbc5223a820c3d16642d1159c01c2d68c800ff9e,21233882,0x8bdfefe6d9137b7d4c87899f4fe9c5d21d6f9b53,0xf60095e686e0c2ae955b017a427def4f3b4aa329,0.003056198789876208,21000,15.401810503,0.000323438020563,2024-11-21 05:00:35,True
0x7bf438b418c11f5ba5560cae482564a23ece0cd0a92c1013071160ab34b27b20,21233886,0x1251518f10bfa74759b1e46510e9a5fb076d0c8a,0xf60095e686e0c2ae955b017a427def4f3b4aa329,0.001489572191783473,21000,17.127715098,0.000359682017058,2024-11-21 05:01:23,True
0x811cdd8b5af21c672411b5818ad0ee9f2275e9f10b61fb45290fc71950a2b24d,21233915,0xf60095e686e0c2ae955b017a427def4f3b4aa329,0xb330de798dcdc3a2f29cea4307defed2e4a63238,0.01834629058192434,21000,14.148298182,0.000297114261822,2024-11-21 05:07:11,True
0xdeaf5939b340f790005af2769e9698e92be96eeecadc4f9901ae5c166d9bec27,21238520,0x8bdfefe6d9137b7d4c87899f4fe9c5d21d6f9b53,0xf60095e686e0c2ae955b017a427def4f3b4aa329,0.00593113650341255,21000,22.02845681,0.00046259759301,2024-11-21 20:33:23,True
0xa227ae7b3bdf52b19dd700c0192964a138f4a898c2950cd57265df6c69502792,21238601,0x3c5e3cb38e63f1adc952daede21ed45505724ce5,0xf60095e686e0c2ae955b017a427def4f3b4aa329,0.01,21000,18.250289176,0.000383256072696,2024-11-21 20:49:35,True
0xbe28bf7bc2038f432e830c01ffb9f093ecb3503410b7e1f928a767cfc6890cff,21238628,0xf60095e686e0c2ae955b017a427def4f3b4aa329,0x9cf0ed013e67db12ca3af8e7506fe401aa14dad6,0.0,57902,16.17225368,0.00093640583257936,2024-11-21 20:54:59,True
0x7ae688931ae0df5bb741edb6cf3efebe39f358fc23408abadbc4a8253f2612c0,21238630,0xf60095e686e0c2ae955b017a427def4f3b4aa329,0x1251518f10bfa74759b1e46510e9a5fb076d0c8a,0.01460660240901119,21000,15.672021599,0.000329112453579,2024-11-21 20:55:23,True
0x5ddb440474344bb5d3e675ddbc1238e673e9a9cb547a9adbb3273d4e412c947b,21321969,0x1251518f10bfa74759b1e46510e9a5fb076d0c8a,0xf60095e686e0c2ae955b017a427def4f3b4aa329,0.06,21000,26.048544099,0.000547019426079,2024-12-03 12:26:47,True
0x244bdebe67c92d8054352a451050a5611b4cd1f7b4c127851e26d4e0af273abb,21322012,0xf60095e686e0c2ae955b017a427def4f3b4aa329,0xb330de798dcdc3a2f29cea4307defed2e4a63238,0.059350259546421,21000,23.272084829,0.000488713781409,2024-12-03 12:35:23,True
0x95aaa5b237ea4a49d840b1442d979abf30311cddaaa2f2c687118801b5d03cf6,21338470,0xf60095e686e0c2ae955b017a427def4f3b4aa329,0x1251518f10bfa74759b1e46510e9a5fb076d0c8a,0.05668855166301947,21000,23.996352033,0.000503923392693,2024-12-05 19:45:59,True
0xcb38e1231ca1343042d17fd2d76466cfe6bfb0d0baff82e5ac118783e9658d02,21447249,0x1251518f10bfa74759b1e46510e9a5fb076d0c8a,0xf60095e686e0c2ae955b017a427def4f3b4aa329,0.1,21000,12.141978613,0.000254981550873,2024-12-21 00:14:59,True
0x9f1582e0afe6819ca92dbcae33287bc5ca31aaf49eaf8a9913c61450dc06ed1a,21447261,0xf60095e686e0c2ae955b017a427def4f3b4aa329,0x1231deb6f5749ef6ce6943a275a1d3e7486f4eae,0.09360590233530701,183959,9.514281825,0.001750237770245175,2024-12-21 00:17:23,True
0xd3f239e76ff455deb669779e19cb73749893edc8fe7a143e6091892b9a590284,21518084,0xf60095e686e0c2ae955b017a427def4f3b4aa329,0x1251518f10bfa74759b1e46510e9a5fb076d0c8a,0.004738459667211716,21000,10.386564446,0.000218117853366,2024-12-30 21:49:47,True
0xfcac4725c0d0a0aaee12bf3cda9764862bf788f4670f6c5c7f5a5195e2f9b613,21568767,0x1251518f10bfa74759b1e46510e9a5fb076d0c8a,0xf60095e686e0c2ae955b017a427def4f3b4aa329,0.025,21000,11.122298326,0.000233568264846,2025-01-06 23:40:35,True
0x7a11e1df3438df7a5ee67dd87a5269abfb022ab7afd040f19453cf6f88a2152f,21568774,0xf60095e686e0c2ae955b017a427def4f3b4aa329,0x1231deb6f5749ef6ce6943a275a1d3e7486f4eae,0.009572293915817,183911,9.247125734,0.001700648140865674,2025-01-06 23:41:59,True
0xcee4ba3db6215ea313f91824c4d81b23c111e38f655bb90cd8e7d51f7318c881,21568782,0xf60095e686e0c2ae955b017a427def4f3b4aa329,0x1231deb6f5749ef6ce6943a275a1d3e7486f4eae,0.0072518133544838,183911,9.393632015,0.001727592257510665,2025-01-06 23:43:35,True
0xd20756e38bde4f8b3165281ecbf40dffbfb5cae875c1fe99b6778e83ff3e2fb3,21632726,0xf60095e686e0c2ae955b017a427def4f3b4aa329,0x1251518f10bfa74759b1e46510e9a5fb076d0c8a,0.004660754836460105,21000,8.050238484,0.000169055008164,2025-01-15 21:59:11,True
0x1b55c8f94fa057e0357dea8c21e16bf9bd3afbcfaab1fc8fe215d0a0b454eb9d,21648265,0x0bc51935db6a2940a8898ea0852a7e22890da84e,0xf60095e686e0c2ae955b017a427def4f3b4aa329,0.06,21000,7.443316162,0.000156309639402,2025-01-18 02:03:35,True
0x7325d905f971fa0fabdfdc9858831c89a985d2ffd03765ed64bcb4026f8d7839,21648270,0xf60095e686e0c2ae955b017a427def4f3b4aa329,0x1231deb6f5749ef6ce6943a275a1d3e7486f4eae,0.057162079294836,183935,4.400935776,0.00080948612195856,2025-01-18 02:04:35,True
0x5e9db744ba455320e55635b7baea0200682d50fbfdbeb5f378451dc238b121b4,21673633,0x1251518f10bfa74759b1e46510e9a5fb076d0c8a,0xf60095e686e0c2ae955b017a427def4f3b4aa329,0.15,21000,16.790916411,0.000352609244631,2025-01-21 15:03:11,True
0xda4b6e21e7e3766b77324896e5c62babf107a84c9c2e9232061363801b3d396d,21687893,0xf60095e686e0c2ae955b017a427def4f3b4aa329,0x1251518f10bfa74759b1e46510e9a5fb076d0c8a,0.15071500719587133,21000,32.733576872,0.000687405114312,2025-01-23 14:49:23,True
0xab302e949b1207cac3c74f88eb2a75a621f1b29307b3b45c9c3d5ec7674eb675,22059147,0x0bc51935db6a2940a8898ea0852a7e22890da84e,0xf60095e686e0c2ae955b017a427def4f3b4aa329,4.313331406896742,21000,0.954732086,2.0049373806e-05,2025-03-16 11:28:35,True
0xd826a914e05bfd566468ce3fd097cc2d85432e65f5113a4474d78183e49a863b,22059154,0xf60095e686e0c2ae955b017a427def4f3b4aa329,0x1231deb6f5749ef6ce6943a275a1d3e7486f4eae,0.18619101069800348,183947,0.667497576,0.000122784176612472,2025-03-16 11:29:59,True
0xa7f93d62fe7a2f45b4422027f517f3353461235d2a5d2b71eea2d16bab34c106,22059163,0xf60095e686e0c2ae955b017a427def4f3b4aa329,0x0000000000001ff3684f28c67538d4d072c22734,4.127347957204885,173938,0.705577177,0.000122726683013026,2025-03-16 11:31:47,True
0x0247090008a57755aca3c737a80e7fc711316b96252ce4423d8ab7b1f087ce84,22061651,0xf60095e686e0c2ae955b017a427def4f3b4aa329,0xdac17f958d2ee523a2206206994597c13d831ec7,0.0,63221,0.577850801,3.6532305490021e-05,2025-03-16 19:52:23,True
0x4c9244b844e8549ddbbb77e797e42c79482c97ae6e31c344b066eb994e56be59,22073658,0xf60095e686e0c2ae955b017a427def4f3b4aa329,0xdac17f958d2ee523a2206206994597c13d831ec7,0.0,48825,0.535368993,2.6139391083225e-05,2025-03-18 12:07:59,True
0x7aa9b7b75a73821113df28fa6dc8194ecb6c886e76aa9297113b65a410ede149,22073658,0xf60095e686e0c2ae955b017a427def4f3b4aa329,0x0000000000001ff3684f28c67538d4d072c22734,0.0,182829,0.535368993,9.7880977621197e-05,2025-03-18 12:07:59,True
0xcc9b5f4f7962ae9b250bd1f87b0a3577303d62cbaa2291bfa7eede9069e8ece4,22073663,0xf60095e686e0c2ae955b017a427def4f3b4aa329,0x1251518f10bfa74759b1e46510e9a5fb076d0c8a,0.1571954300878482,21000,0.556886087,1.1694607827e-05,2025-03-18 12:08:59,True
0x3a9059f4fa2a60402290b155be7f2b71f97b7ac177991d1a5a7ce82157aa7270,22233855,0x1251518f10bfa74759b1e46510e9a5fb076d0c8a,0xf60095e686e0c2ae955b017a427def4f3b4aa329,0.05,21000,5.156840395,0.000108293648295,2025-04-09 20:51:35,True
0x70ffba192fffa4e192d99d890608881ab98614cf1006dc6344f2b55c431407b6,22233867,0xf60095e686e0c2ae955b017a427def4f3b4aa329,0x0000000000001ff3684f28c67538d4d072c22734,0.0,423110,3.007424243,0.00127247127145573,2025-04-09 20:53:59,True
0x3583d6eb5c771b68203dfb613340c2bc085bd09e49f194bdc0de58335579078f,22233879,0xf60095e686e0c2ae955b017a427def4f3b4aa329,0x0bc51935db6a2940a8898ea0852a7e22890da84e,1.204326195902805,21000,2.780186834,5.8383923514e-05,2025-04-09 20:56:23,True
